Introduction to python,1
Basics of Python,1
Adavanced Python,1
Python for AI,1
Python basics,1
Python made easy,1
Python for beginners,1
Python tutorial,1
Python for everybody,1
Learn Python,1
python programmin for beginner,1
Python Django for web development,1
Quickest way to master python,1
Introduction to Java,2
Basics of Java,2
Adavanced Java,2
Java for AI,2
Java basics,2
Java made easy,2
Java for beginners,2
Java tutorial,2
Java for everybody,2
Learn Java,2
Java programmin for beginner,2
Quickest way to master Java,2
Java for block chain,2
Augmented reality using Java,2
IOT with java,2
Introduction to data science,3
Basics of data science and machine learning,3
statistics for data science,3
data science Artificial intelligence,3
data science basics,3
data science made easy,3
data science for beginners,3
data science tutorial,3
data science for everybody,3
Learn data science,3
data science programmin for beginner,3
Quickest way to master data science,3
Data science from scratch,3
make career in data science,3
Introduction to sql,4
Basics of sql,4
Adavanced sql,4
"sql for AI,ML",4
sql basics,4
sql made easy,4
sql for beginners,4
sql tutorial,4
sql for everybody,4
Learn sql,4
sql programmin for beginner,4
sql for data analytics,4
Introduction to devops,5
Basics of devops,5
Adavanced devops,5
devops for AI,5
devops fundamentals,5
devops made easy,5
devops for beginners,5
devops tutorial,5
devops for everybody,5
Learn devops,5
devops programmin for beginner,5
devops Django for docker,5
Quickest way to master devops,5
"devops ,jenkins,puppet,nagios",5
"devops training,devops azure",5
devops for sap,5
Introduction to python,1
Basics of Python,1
Adavanced Python,1
Python for AI,1
Python basics,1
Python made easy,1
Python for beginners,1
Python tutorial,1
Python for everybody,1
Learn Python,1
python programmin for beginner,1
Python Django for web development,1
Quickest way to master python,1
Introduction to Java,2
Basics of Java,2
Adavanced Java,2
Java for AI,2
Java basics,2
Java made easy,2
Java for beginners,2
Java tutorial,2
Java for everybody,2
Learn Java,2
Java programmin for beginner,2
Quickest way to master Java,2
Java for block chain,2
Augmented reality using Java,2
IOT with java,2
Introduction to data science,3
Basics of data science and machine learning,3
statistics for data science,3
data science Artificial intelligence,3
data science basics,3
data science made easy,3
data science for beginners,3
data science tutorial,3
data science for everybody,3
Learn data science,3
data science programmin for beginner,3
Quickest way to master data science,3
Data science from scratch,3
make career in data science,3
Introduction to sql,4
Basics of sql,4
Adavanced sql,4
"sql for AI,ML",4
sql basics,4
sql made easy,4
sql for beginners,4
sql tutorial,4
sql for everybody,4
Learn sql,4
sql programmin for beginner,4
sql for data analytics,4
Introduction to devops,5
Basics of devops,5
Adavanced devops,5
devops for AI,5
devops fundamentals,5
devops made easy,5
devops for beginners,5
devops tutorial,5
devops for everybody,5
Learn devops,5
devops programmin for beginner,5
devops Django for docker,5
Quickest way to master devops,5
"devops ,jenkins,puppet,nagios",5
"devops training,devops azure",5
devops for sap,5
Introduction to python,1
Basics of Python,1
Adavanced Python,1
Python for AI,1
Python basics,1
Python made easy,1
Python for beginners,1
Python tutorial,1
Python for everybody,1
Learn Python,1
python programmin for beginner,1
Python Django for web development,1
Quickest way to master python,1
Introduction to Java,2
Basics of Java,2
Adavanced Java,2
Java for AI,2
Java basics,2
Java made easy,2
Java for beginners,2
Java tutorial,2
Java for everybody,2
Learn Java,2
Java programmin for beginner,2
Quickest way to master Java,2
Java for block chain,2
Augmented reality using Java,2
IOT with java,2
Introduction to data science,3
Basics of data science and machine learning,3
statistics for data science,3
data science Artificial intelligence,3
data science basics,3
data science made easy,3
data science for beginners,3
data science tutorial,3
data science for everybody,3
Learn data science,3
data science programmin for beginner,3
Quickest way to master data science,3
Data science from scratch,3
make career in data science,3
Introduction to sql,4
Basics of sql,4
Adavanced sql,4
"sql for AI,ML",4
sql basics,4
sql made easy,4
sql for beginners,4
sql tutorial,4
sql for everybody,4
Learn sql,4
sql programmin for beginner,4
sql for data analytics,4
Introduction to devops,5
Basics of devops,5
Adavanced devops,5
devops for AI,5
devops fundamentals,5
devops made easy,5
devops for beginners,5
devops tutorial,5
devops for everybody,5
Learn devops,5
devops programmin for beginner,5
devops Django for docker,5
Quickest way to master devops,5
"devops ,jenkins,puppet,nagios",5
"devops training,devops azure",5
devops for sap,5
Introduction to python,1
Basics of Python,1
Adavanced Python,1
Python for AI,1
Python basics,1
Python made easy,1
Python for beginners,1
Python tutorial,1
Python for everybody,1
Learn Python,1
python programmin for beginner,1
Python Django for web development,1
Quickest way to master python,1
Introduction to Java,2
Basics of Java,2
Adavanced Java,2
Java for AI,2
Java basics,2
Java made easy,2
Java for beginners,2
Java tutorial,2
Java for everybody,2
Learn Java,2
Java programmin for beginner,2
Quickest way to master Java,2
Java for block chain,2
Augmented reality using Java,2
IOT with java,2
Introduction to data science,3
Basics of data science and machine learning,3
statistics for data science,3
data science Artificial intelligence,3
data science basics,3
data science made easy,3
data science for beginners,3
data science tutorial,3
data science for everybody,3
Learn data science,3
data science programmin for beginner,3
Quickest way to master data science,3
Data science from scratch,3
make career in data science,3
Introduction to sql,4
Basics of sql,4
Adavanced sql,4
"sql for AI,ML",4
sql basics,4
sql made easy,4
sql for beginners,4
sql tutorial,4
sql for everybody,4
Learn sql,4
sql programmin for beginner,4
sql for data analytics,4
Introduction to devops,5
Basics of devops,5
Adavanced devops,5
devops for AI,5
devops fundamentals,5
devops made easy,5
devops for beginners,5
devops tutorial,5
devops for everybody,5
Learn devops,5
devops programmin for beginner,5
devops Django for docker,5
Quickest way to master devops,5
"devops ,jenkins,puppet,nagios",5
"devops training,devops azure",5
devops for sap,5
Introduction to python,1
Basics of Python,1
Adavanced Python,1
Python for AI,1
Python basics,1
Python made easy,1
Python for beginners,1
Python tutorial,1
Python for everybody,1
Learn Python,1
python programmin for beginner,1
Python Django for web development,1
Quickest way to master python,1
Introduction to Java,2
Basics of Java,2
Adavanced Java,2
Java for AI,2
Java basics,2
Java made easy,2
Java for beginners,2
Java tutorial,2
Java for everybody,2
Learn Java,2
Java programmin for beginner,2
Quickest way to master Java,2
Java for block chain,2
Augmented reality using Java,2
IOT with java,2
Introduction to data science,3
Basics of data science and machine learning,3
statistics for data science,3
data science Artificial intelligence,3
data science basics,3
data science made easy,3
data science for beginners,3
data science tutorial,3
data science for everybody,3
Learn data science,3
data science programmin for beginner,3
Quickest way to master data science,3
Data science from scratch,3
make career in data science,3
Introduction to sql,4
Basics of sql,4
Adavanced sql,4
"sql for AI,ML",4
sql basics,4
sql made easy,4
sql for beginners,4
sql tutorial,4
sql for everybody,4
Learn sql,4
sql programmin for beginner,4
sql for data analytics,4
Introduction to devops,5
Basics of devops,5
Adavanced devops,5
devops for AI,5
devops fundamentals,5
devops made easy,5
devops for beginners,5
devops tutorial,5
devops for everybody,5
Learn devops,5
devops programmin for beginner,5
devops Django for docker,5
Quickest way to master devops,5
"devops ,jenkins,puppet,nagios",5
"devops training,devops azure",5
devops for sap,5
Introduction to python,1
Basics of Python,1
Adavanced Python,1
Python for AI,1
Python basics,1
Python made easy,1
Python for beginners,1
Python tutorial,1
Python for everybody,1
Learn Python,1
python programmin for beginner,1
Python Django for web development,1
Quickest way to master python,1
Introduction to Java,2
Basics of Java,2
Adavanced Java,2
Java for AI,2
Java basics,2
Java made easy,2
Java for beginners,2
Java tutorial,2
Java for everybody,2
Learn Java,2
Java programmin for beginner,2
Quickest way to master Java,2
Java for block chain,2
Augmented reality using Java,2
IOT with java,2
Introduction to data science,3
Basics of data science and machine learning,3
statistics for data science,3
data science Artificial intelligence,3
data science basics,3
data science made easy,3
data science for beginners,3
data science tutorial,3
data science for everybody,3
Learn data science,3
data science programmin for beginner,3
Quickest way to master data science,3
Data science from scratch,3
make career in data science,3
Introduction to sql,4
Basics of sql,4
Adavanced sql,4
"sql for AI,ML",4
sql basics,4
sql made easy,4
sql for beginners,4
sql tutorial,4
sql for everybody,4
Learn sql,4
sql programmin for beginner,4
sql for data analytics,4
Introduction to devops,5
Basics of devops,5
Adavanced devops,5
devops for AI,5
devops fundamentals,5
devops made easy,5
devops for beginners,5
devops tutorial,5
devops for everybody,5
Learn devops,5
devops programmin for beginner,5
devops Django for docker,5
Quickest way to master devops,5
"devops ,jenkins,puppet,nagios",5
"devops training,devops azure",5
devops for sap,5
Introduction to python,1
Basics of Python,1
Adavanced Python,1
Python for AI,1
Python basics,1
Python made easy,1
Python for beginners,1
Python tutorial,1
Python for everybody,1
Learn Python,1
python programmin for beginner,1
Python Django for web development,1
Quickest way to master python,1
Introduction to Java,2
Basics of Java,2
Adavanced Java,2
Java for AI,2
Java basics,2
Java made easy,2
Java for beginners,2
Java tutorial,2
Java for everybody,2
Learn Java,2
Java programmin for beginner,2
Quickest way to master Java,2
Java for block chain,2
Augmented reality using Java,2
IOT with java,2
Introduction to data science,3
Basics of data science and machine learning,3
statistics for data science,3
data science Artificial intelligence,3
data science basics,3
data science made easy,3
data science for beginners,3
data science tutorial,3
data science for everybody,3
Learn data science,3
data science programmin for beginner,3
Quickest way to master data science,3
Data science from scratch,3
make career in data science,3
Introduction to sql,4
Basics of sql,4
Adavanced sql,4
"sql for AI,ML",4
sql basics,4
sql made easy,4
sql for beginners,4
sql tutorial,4
sql for everybody,4
Learn sql,4
sql programmin for beginner,4
sql for data analytics,4
Introduction to devops,5
Basics of devops,5
Adavanced devops,5
devops for AI,5
devops fundamentals,5
devops made easy,5
devops for beginners,5
devops tutorial,5
devops for everybody,5
Learn devops,5
devops programmin for beginner,5
devops Django for docker,5
Quickest way to master devops,5
"devops ,jenkins,puppet,nagios",5
"devops training,devops azure",5
devops for sap,5
Introduction to python,1
Basics of Python,1
Adavanced Python,1
Python for AI,1
Python basics,1
Python made easy,1
Python for beginners,1
Python tutorial,1
Python for everybody,1
Learn Python,1
python programmin for beginner,1
Python Django for web development,1
Quickest way to master python,1
Introduction to Java,2
Basics of Java,2
Adavanced Java,2
Java for AI,2
Java basics,2
Java made easy,2
Java for beginners,2
Java tutorial,2
Java for everybody,2
Learn Java,2
Java programmin for beginner,2
Quickest way to master Java,2
Java for block chain,2
Augmented reality using Java,2
IOT with java,2
Introduction to data science,3
Basics of data science and machine learning,3
statistics for data science,3
data science Artificial intelligence,3
data science basics,3
data science made easy,3
data science for beginners,3
data science tutorial,3
data science for everybody,3
Learn data science,3
data science programmin for beginner,3
Quickest way to master data science,3
Data science from scratch,3
make career in data science,3
Introduction to sql,4
Basics of sql,4
Adavanced sql,4
"sql for AI,ML",4
sql basics,4
sql made easy,4
sql for beginners,4
sql tutorial,4
sql for everybody,4
Learn sql,4
sql programmin for beginner,4
sql for data analytics,4
Introduction to devops,5
Basics of devops,5
Adavanced devops,5
devops for AI,5
devops fundamentals,5
devops made easy,5
devops for beginners,5
devops tutorial,5
devops for everybody,5
Learn devops,5
devops programmin for beginner,5
devops Django for docker,5
Quickest way to master devops,5
"devops ,jenkins,puppet,nagios",5
"devops training,devops azure",5
devops for sap,5
Introduction to python,1
Basics of Python,1
Adavanced Python,1
Python for AI,1
Python basics,1
Python made easy,1
Python for beginners,1
Python tutorial,1
Python for everybody,1
Learn Python,1
python programmin for beginner,1
Python Django for web development,1
Quickest way to master python,1
Introduction to Java,2
Basics of Java,2
Adavanced Java,2
Java for AI,2
Java basics,2
Java made easy,2
Java for beginners,2
Java tutorial,2
Java for everybody,2
Learn Java,2
Java programmin for beginner,2
Quickest way to master Java,2
Java for block chain,2
Augmented reality using Java,2
IOT with java,2
Introduction to data science,3
Basics of data science and machine learning,3
statistics for data science,3
data science Artificial intelligence,3
data science basics,3
data science made easy,3
data science for beginners,3
data science tutorial,3
data science for everybody,3
Learn data science,3
data science programmin for beginner,3
Quickest way to master data science,3
Data science from scratch,3
make career in data science,3
Introduction to sql,4
Basics of sql,4
Adavanced sql,4
"sql for AI,ML",4
sql basics,4
sql made easy,4
sql for beginners,4
sql tutorial,4
sql for everybody,4
Learn sql,4
sql programmin for beginner,4
sql for data analytics,4
Introduction to devops,5
Basics of devops,5
Adavanced devops,5
devops for AI,5
devops fundamentals,5
devops made easy,5
devops for beginners,5
devops tutorial,5
devops for everybody,5
Learn devops,5
devops programmin for beginner,5
devops Django for docker,5
Quickest way to master devops,5
"devops ,jenkins,puppet,nagios",5
"devops training,devops azure",5
devops for sap,5
Introduction to python,1
Basics of Python,1
Adavanced Python,1
Python for AI,1
Python basics,1
Python made easy,1
Python for beginners,1
Python tutorial,1
Python for everybody,1
Learn Python,1
python programmin for beginner,1
Python Django for web development,1
Quickest way to master python,1
Introduction to Java,2
Basics of Java,2
Adavanced Java,2
Java for AI,2
Java basics,2
Java made easy,2
Java for beginners,2
Java tutorial,2
Java for everybody,2
Learn Java,2
Java programmin for beginner,2
Quickest way to master Java,2
Java for block chain,2
Augmented reality using Java,2
IOT with java,2
Introduction to data science,3
Basics of data science and machine learning,3
statistics for data science,3
data science Artificial intelligence,3
data science basics,3
data science made easy,3
data science for beginners,3
data science tutorial,3
data science for everybody,3
Learn data science,3
data science programmin for beginner,3
Quickest way to master data science,3
Data science from scratch,3
make career in data science,3
Introduction to sql,4
Basics of sql,4
Adavanced sql,4
"sql for AI,ML",4
sql basics,4
sql made easy,4
sql for beginners,4
sql tutorial,4
sql for everybody,4
Learn sql,4
sql programmin for beginner,4
sql for data analytics,4
Introduction to devops,5
Basics of devops,5
Adavanced devops,5
devops for AI,5
devops fundamentals,5
devops made easy,5
devops for beginners,5
devops tutorial,5
devops for everybody,5
Learn devops,5
devops programmin for beginner,5
devops Django for docker,5
Quickest way to master devops,5
"devops ,jenkins,puppet,nagios",5
"devops training,devops azure",5
devops for sap,5
Introduction to python,1
Basics of Python,1
Adavanced Python,1
Python for AI,1
Python basics,1
Python made easy,1
Python for beginners,1
Python tutorial,1
Python for everybody,1
Learn Python,1
python programmin for beginner,1
Python Django for web development,1
Quickest way to master python,1
Introduction to Java,2
Basics of Java,2
Adavanced Java,2
Java for AI,2
Java basics,2
Java made easy,2
Java for beginners,2
Java tutorial,2
Java for everybody,2
Learn Java,2
Java programmin for beginner,2
Quickest way to master Java,2
Java for block chain,2
Augmented reality using Java,2
IOT with java,2
Introduction to data science,3
Basics of data science and machine learning,3
statistics for data science,3
data science Artificial intelligence,3
data science basics,3
data science made easy,3
data science for beginners,3
data science tutorial,3
data science for everybody,3
Learn data science,3
data science programmin for beginner,3
Quickest way to master data science,3
Data science from scratch,3
make career in data science,3
Introduction to sql,4
Basics of sql,4
Adavanced sql,4
"sql for AI,ML",4
sql basics,4
sql made easy,4
sql for beginners,4
sql tutorial,4
sql for everybody,4
Learn sql,4
sql programmin for beginner,4
sql for data analytics,4
Introduction to devops,5
Basics of devops,5
Adavanced devops,5
devops for AI,5
devops fundamentals,5
devops made easy,5
devops for beginners,5
devops tutorial,5
devops for everybody,5
Learn devops,5
devops programmin for beginner,5
devops Django for docker,5
Quickest way to master devops,5
"devops ,jenkins,puppet,nagios",5
"devops training,devops azure",5
devops for sap,5
Introduction to python,1
Basics of Python,1
Adavanced Python,1
Python for AI,1
Python basics,1
Python made easy,1
Python for beginners,1
Python tutorial,1
Python for everybody,1
Learn Python,1
python programmin for beginner,1
Python Django for web development,1
Quickest way to master python,1
Introduction to Java,2
Basics of Java,2
Adavanced Java,2
Java for AI,2
Java basics,2
Java made easy,2
Java for beginners,2
Java tutorial,2
Java for everybody,2
Learn Java,2
Java programmin for beginner,2
Quickest way to master Java,2
Java for block chain,2
Augmented reality using Java,2
IOT with java,2
Introduction to data science,3
Basics of data science and machine learning,3
statistics for data science,3
data science Artificial intelligence,3
data science basics,3
data science made easy,3
data science for beginners,3
data science tutorial,3
data science for everybody,3
Learn data science,3
data science programmin for beginner,3
Quickest way to master data science,3
Data science from scratch,3
make career in data science,3
Introduction to sql,4
Basics of sql,4
Adavanced sql,4
"sql for AI,ML",4
sql basics,4
sql made easy,4
sql for beginners,4
sql tutorial,4
sql for everybody,4
Learn sql,4
sql programmin for beginner,4
sql for data analytics,4
Introduction to devops,5
Basics of devops,5
Adavanced devops,5
devops for AI,5
devops fundamentals,5
devops made easy,5
devops for beginners,5
devops tutorial,5
devops for everybody,5
Learn devops,5
devops programmin for beginner,5
devops Django for docker,5
Quickest way to master devops,5
"devops ,jenkins,puppet,nagios",5
"devops training,devops azure",5
devops for sap,5
Introduction to python,1
Basics of Python,1
Adavanced Python,1
Python for AI,1
Python basics,1
Python made easy,1
Python for beginners,1
Python tutorial,1
Python for everybody,1
Learn Python,1
python programmin for beginner,1
Python Django for web development,1
Quickest way to master python,1
Introduction to Java,2
Basics of Java,2
Adavanced Java,2
Java for AI,2
Java basics,2
Java made easy,2
Java for beginners,2
Java tutorial,2
Java for everybody,2
Learn Java,2
Java programmin for beginner,2
Quickest way to master Java,2
Java for block chain,2
Augmented reality using Java,2
IOT with java,2
Introduction to data science,3
Basics of data science and machine learning,3
statistics for data science,3
data science Artificial intelligence,3
data science basics,3
data science made easy,3
data science for beginners,3
data science tutorial,3
data science for everybody,3
Learn data science,3
data science programmin for beginner,3
Quickest way to master data science,3
Data science from scratch,3
make career in data science,3
Introduction to sql,4
Basics of sql,4
Adavanced sql,4
"sql for AI,ML",4
sql basics,4
sql made easy,4
sql for beginners,4
sql tutorial,4
sql for everybody,4
Learn sql,4
sql programmin for beginner,4
sql for data analytics,4
Introduction to devops,5
Basics of devops,5
Adavanced devops,5
devops for AI,5
devops fundamentals,5
devops made easy,5
devops for beginners,5
devops tutorial,5
devops for everybody,5
Learn devops,5
devops programmin for beginner,5
devops Django for docker,5
Quickest way to master devops,5
"devops ,jenkins,puppet,nagios",5
"devops training,devops azure",5
devops for sap,5
Introduction to python,1
Basics of Python,1
Adavanced Python,1
Python for AI,1
Python basics,1
Python made easy,1
Python for beginners,1
Python tutorial,1
Python for everybody,1
Learn Python,1
python programmin for beginner,1
Python Django for web development,1
Quickest way to master python,1
Introduction to Java,2
Basics of Java,2
Adavanced Java,2
Java for AI,2
Java basics,2
Java made easy,2
Java for beginners,2
Java tutorial,2
Java for everybody,2
Learn Java,2
Java programmin for beginner,2
Quickest way to master Java,2
Java for block chain,2
Augmented reality using Java,2
IOT with java,2
Introduction to data science,3
Basics of data science and machine learning,3
statistics for data science,3
data science Artificial intelligence,3
data science basics,3
data science made easy,3
data science for beginners,3
data science tutorial,3
data science for everybody,3
Learn data science,3
data science programmin for beginner,3
Quickest way to master data science,3
Data science from scratch,3
make career in data science,3
Introduction to sql,4
Basics of sql,4
Adavanced sql,4
"sql for AI,ML",4
sql basics,4
sql made easy,4
sql for beginners,4
sql tutorial,4
sql for everybody,4
Learn sql,4
sql programmin for beginner,4
sql for data analytics,4
Introduction to devops,5
Basics of devops,5
Adavanced devops,5
devops for AI,5
devops fundamentals,5
devops made easy,5
devops for beginners,5
devops tutorial,5
devops for everybody,5
Learn devops,5
devops programmin for beginner,5
devops Django for docker,5
Quickest way to master devops,5
"devops ,jenkins,puppet,nagios",5
"devops training,devops azure",5
devops for sap,5
Introduction to python,1
Basics of Python,1
Adavanced Python,1
Python for AI,1
Python basics,1
Python made easy,1
Python for beginners,1
Python tutorial,1
Python for everybody,1
Learn Python,1
python programmin for beginner,1
Python Django for web development,1
Quickest way to master python,1
Introduction to Java,2
Basics of Java,2
Adavanced Java,2
Java for AI,2
Java basics,2
Java made easy,2
Java for beginners,2
Java tutorial,2
Java for everybody,2
Learn Java,2
Java programmin for beginner,2
Quickest way to master Java,2
Java for block chain,2
Augmented reality using Java,2
IOT with java,2
Introduction to data science,3
Basics of data science and machine learning,3
statistics for data science,3
data science Artificial intelligence,3
data science basics,3
data science made easy,3
data science for beginners,3
data science tutorial,3
data science for everybody,3
Learn data science,3
data science programmin for beginner,3
Quickest way to master data science,3
Data science from scratch,3
make career in data science,3
Introduction to sql,4
Basics of sql,4
Adavanced sql,4
"sql for AI,ML",4
sql basics,4
sql made easy,4
sql for beginners,4
sql tutorial,4
sql for everybody,4
Learn sql,4
sql programmin for beginner,4
sql for data analytics,4
Introduction to devops,5
Basics of devops,5
Adavanced devops,5
devops for AI,5
devops fundamentals,5
devops made easy,5
devops for beginners,5
devops tutorial,5
devops for everybody,5
Learn devops,5
devops programmin for beginner,5
devops Django for docker,5
Quickest way to master devops,5
"devops ,jenkins,puppet,nagios",5
"devops training,devops azure",5
devops for sap,5
Introduction to python,1
Basics of Python,1
Adavanced Python,1
Python for AI,1
Python basics,1
Python made easy,1
Python for beginners,1
Python tutorial,1
Python for everybody,1
Learn Python,1
python programmin for beginner,1
Python Django for web development,1
Quickest way to master python,1
Introduction to Java,2
Basics of Java,2
Adavanced Java,2
Java for AI,2
Java basics,2
Java made easy,2
Java for beginners,2
Java tutorial,2
Java for everybody,2
Learn Java,2
Java programmin for beginner,2
Quickest way to master Java,2
Java for block chain,2
Augmented reality using Java,2
IOT with java,2
Introduction to data science,3
Basics of data science and machine learning,3
statistics for data science,3
data science Artificial intelligence,3
data science basics,3
data science made easy,3
data science for beginners,3
data science tutorial,3
data science for everybody,3
Learn data science,3
data science programmin for beginner,3
Quickest way to master data science,3
Data science from scratch,3
make career in data science,3
Introduction to sql,4
Basics of sql,4
Adavanced sql,4
"sql for AI,ML",4
sql basics,4
sql made easy,4
sql for beginners,4
sql tutorial,4
sql for everybody,4
Learn sql,4
sql programmin for beginner,4
sql for data analytics,4
Introduction to devops,5
Basics of devops,5
Adavanced devops,5
devops for AI,5
devops fundamentals,5
devops made easy,5
devops for beginners,5
devops tutorial,5
devops for everybody,5
Learn devops,5
devops programmin for beginner,5
devops Django for docker,5
Quickest way to master devops,5
"devops ,jenkins,puppet,nagios",5
"devops training,devops azure",5
devops for sap,5
Introduction to python,1
Basics of Python,1
Adavanced Python,1
Python for AI,1
Python basics,1
Python made easy,1
Python for beginners,1
Python tutorial,1
Python for everybody,1
Learn Python,1
python programmin for beginner,1
Python Django for web development,1
Quickest way to master python,1
Introduction to Java,2
Basics of Java,2
Adavanced Java,2
Java for AI,2
Java basics,2
Java made easy,2
Java for beginners,2
Java tutorial,2
Java for everybody,2
Learn Java,2
Java programmin for beginner,2
Quickest way to master Java,2
Java for block chain,2
Augmented reality using Java,2
IOT with java,2
Introduction to data science,3
Basics of data science and machine learning,3
statistics for data science,3
data science Artificial intelligence,3
data science basics,3
data science made easy,3
data science for beginners,3
data science tutorial,3
data science for everybody,3
Learn data science,3
data science programmin for beginner,3
Quickest way to master data science,3
Data science from scratch,3
make career in data science,3
Introduction to sql,4
Basics of sql,4
Adavanced sql,4
"sql for AI,ML",4
sql basics,4
sql made easy,4
sql for beginners,4
sql tutorial,4
sql for everybody,4
Learn sql,4
sql programmin for beginner,4
sql for data analytics,4
Introduction to devops,5
Basics of devops,5
Adavanced devops,5
devops for AI,5
devops fundamentals,5
devops made easy,5
devops for beginners,5
devops tutorial,5
devops for everybody,5
Learn devops,5
devops programmin for beginner,5
devops Django for docker,5
Quickest way to master devops,5
"devops ,jenkins,puppet,nagios",5
"devops training,devops azure",5
devops for sap,5
Introduction to python,1
Basics of Python,1
Adavanced Python,1
Python for AI,1
Python basics,1
Python made easy,1
Python for beginners,1
Python tutorial,1
Python for everybody,1
Learn Python,1
python programmin for beginner,1
Python Django for web development,1
Quickest way to master python,1
Introduction to Java,2
Basics of Java,2
Adavanced Java,2
Java for AI,2
Java basics,2
Java made easy,2
Java for beginners,2
Java tutorial,2
Java for everybody,2
Learn Java,2
Java programmin for beginner,2
Quickest way to master Java,2
Java for block chain,2
Augmented reality using Java,2
IOT with java,2
Introduction to data science,3
Basics of data science and machine learning,3
statistics for data science,3
data science Artificial intelligence,3
data science basics,3
data science made easy,3
data science for beginners,3
data science tutorial,3
data science for everybody,3
Learn data science,3
data science programmin for beginner,3
Quickest way to master data science,3
Data science from scratch,3
make career in data science,3
Introduction to sql,4
Basics of sql,4
Adavanced sql,4
"sql for AI,ML",4
sql basics,4
sql made easy,4
sql for beginners,4
sql tutorial,4
sql for everybody,4
Learn sql,4
sql programmin for beginner,4
sql for data analytics,4
Introduction to devops,5
Basics of devops,5
Adavanced devops,5
devops for AI,5
devops fundamentals,5
devops made easy,5
devops for beginners,5
devops tutorial,5
devops for everybody,5
Learn devops,5
devops programmin for beginner,5
devops Django for docker,5
Quickest way to master devops,5
"devops ,jenkins,puppet,nagios",5
"devops training,devops azure",5
devops for sap,5
Introduction to python,1
Basics of Python,1
Adavanced Python,1
Python for AI,1
Python basics,1
Python made easy,1
Python for beginners,1
Python tutorial,1
Python for everybody,1
Learn Python,1
python programmin for beginner,1
Python Django for web development,1
Quickest way to master python,1
Introduction to Java,2
Basics of Java,2
Adavanced Java,2
Java for AI,2
Java basics,2
Java made easy,2
Java for beginners,2
Java tutorial,2
Java for everybody,2
Learn Java,2
Java programmin for beginner,2
Quickest way to master Java,2
Java for block chain,2
Augmented reality using Java,2
IOT with java,2
Introduction to data science,3
Basics of data science and machine learning,3
statistics for data science,3
data science Artificial intelligence,3
data science basics,3
data science made easy,3
data science for beginners,3
data science tutorial,3
data science for everybody,3
Learn data science,3
data science programmin for beginner,3
Quickest way to master data science,3
Data science from scratch,3
make career in data science,3
Introduction to sql,4
Basics of sql,4
Adavanced sql,4
"sql for AI,ML",4
sql basics,4
sql made easy,4
sql for beginners,4
sql tutorial,4
sql for everybody,4
Learn sql,4
sql programmin for beginner,4
sql for data analytics,4
Introduction to devops,5
Basics of devops,5
Adavanced devops,5
devops for AI,5
devops fundamentals,5
devops made easy,5
devops for beginners,5
devops tutorial,5
devops for everybody,5
Learn devops,5
devops programmin for beginner,5
devops Django for docker,5
Quickest way to master devops,5
"devops ,jenkins,puppet,nagios",5
"devops training,devops azure",5
devops for sap,5
Introduction to python,1
Basics of Python,1
Adavanced Python,1
Python for AI,1
Python basics,1
Python made easy,1
Python for beginners,1
Python tutorial,1
Python for everybody,1
Learn Python,1
python programmin for beginner,1
Python Django for web development,1
Quickest way to master python,1
Introduction to Java,2
Basics of Java,2
Adavanced Java,2
Java for AI,2
Java basics,2
Java made easy,2
Java for beginners,2
Java tutorial,2
Java for everybody,2
Learn Java,2
Java programmin for beginner,2
Quickest way to master Java,2
Java for block chain,2
Augmented reality using Java,2
IOT with java,2
Introduction to data science,3
Basics of data science and machine learning,3
statistics for data science,3
data science Artificial intelligence,3
data science basics,3
data science made easy,3
data science for beginners,3
data science tutorial,3
data science for everybody,3
Learn data science,3
data science programmin for beginner,3
Quickest way to master data science,3
Data science from scratch,3
make career in data science,3
Introduction to sql,4
Basics of sql,4
Adavanced sql,4
"sql for AI,ML",4
sql basics,4
sql made easy,4
sql for beginners,4
sql tutorial,4
sql for everybody,4
Learn sql,4
sql programmin for beginner,4
sql for data analytics,4
Introduction to devops,5
Basics of devops,5
Adavanced devops,5
devops for AI,5
devops fundamentals,5
devops made easy,5
devops for beginners,5
devops tutorial,5
devops for everybody,5
Learn devops,5
devops programmin for beginner,5
devops Django for docker,5
Quickest way to master devops,5
"devops ,jenkins,puppet,nagios",5
"devops training,devops azure",5
devops for sap,5
